sample_id,patient_id,well,condition,Barcode,Sequence,A0251,A0252,A0253,A0254,A0255,A0256,A0257,A0258,A0259,A0260,A0262,A0263,A0264,A0265
1,DC53,1,none,251,GTCAACTCTTTAGCG,1,0,0,0,0,0,0,0,0,0,0,0,0,0
2,DC53,1,S1P,252,TGATGGCCTATTGGG,0,1,0,0,0,0,0,0,0,0,0,0,0,0
3,DC54,2,none,253,TTCCGCCTCTCTTTG,0,0,1,0,0,0,0,0,0,0,0,0,0,0
4,DC54,2,S1P,254,AGTAAGTTCAGCGTA,0,0,0,1,0,0,0,0,0,0,0,0,0,0
5,DC55,3,none,255,AAGTATCGTTTCGCA,0,0,0,0,1,0,0,0,0,0,0,0,0,0
6,DC55,3,S1P,256,GGTTGCCAGATGTCA,0,0,0,0,0,1,0,0,0,0,0,0,0,0
7,DC56,4,none,257,TGTCTTTCCTGCCAG,0,0,0,0,0,0,1,0,0,0,0,0,0,0
8,DC56,4,S1P,258,CTCCTCTGCAATTAC,0,0,0,0,0,0,0,1,0,0,0,0,0,0
9,DC53,5,LPS,259,CAGTAGTCACGGTCA,0,0,0,0,0,0,0,0,1,0,0,0,0,0
10,DC53,5,LPS_S1P,260,ATTGACCCGCGTTAG,0,0,0,0,0,0,0,0,0,1,0,0,0,0
11,DC54,6,LPS,262,TAACGACCAGCCATA,0,0,0,0,0,0,0,0,0,0,1,0,0,0
12,DC54,6,LPS_S1P,263,AAATCTCTCAGGCTC,0,0,0,0,0,0,0,0,0,0,0,1,0,0
13,DC55,7,LPS,264,CTGTATGTCCGATTG,0,0,0,0,0,0,0,0,0,0,0,0,1,0
14,DC55,7,LPS_S1P,265,TAAGATTCAGAGCGA,0,0,0,0,0,0,0,0,0,0,0,0,0,1
15,DC56,8,LPS,251_252,GTCAACTCTTTAGCG,0,0,0,0,0,0,0,0,0,0,1,1,0,0
16,DC56,8,LPS_S1P,253_254,TTCCGCCTCTCTTTG,0,0,0,0,0,0,0,0,0,0,0,0,1,1
